{"cameraMode":{"drawMode":0,"name":"Shaded","section":"Shading Mode"},"sceneLighting":true,"audioPlay":false,"sceneViewState":{"showFog":true,"showMaterialUpdate":false,"showSkybox":true,"showFlares":true,"showImageEffects":true,"showParticleSystems":true},"in2DMode":false,"pivot":{"x":939.0409545898438,"y":224.88851928710938,"z":463.4019775390625},"rotation":{"x":-0.11299259215593338,"y":0.8322864770889282,"z":-0.18419793248176576,"w":-0.510505199432373},"size":10.0,"orthographic":false}